id,fecha,coordenada_x,coordenada_y,velocidad_kmh,riesgo_colision
1,15/05/2024,2000,,50000,MEDIO
2,2024/07/20,1500,2500,32000,
3,24/04/2024,3000,3500,-1000,
4,2024/05/17,,4500,80000,
5,12/04/2024,,2500,-1000,ALTO
6,10/04/2024,3000,4000,32000,
7,22/09/2024,3000,,90000,
8,20-12-2024,1700,4500,-1000,BAJO
9,29-11-2024,,3500,90000,ALTO
10,12/08/2024,3000,3000,90000,BAJO
11,14/03/2024,2000,,35000,BAJO
12,16-09-2024,3000,3500,-1000,BAJO
13,11-05-2024,2000,3000,50000,UNKNOWN
14,2024-11-22,2500,2000,-1000,BAJO
15,02-06-2024,1800,2000,-1000,BAJO
16,12-08-2024,1500,,32000,ALTO
17,2024-05-04,1500,4500,80000,MEDIO
18,27-11-2024,1700,,80000,ALTO
19,24-11-2024,,2500,30000,MEDIO
20,2024-12-08,1500,3000,50000,UNKNOWN
21,27-04-2024,1500,2000,80000,BAJO
22,28-11-2024,2000,3000,50000,ALTO
23,2024-02-27,2000,4500,35000,BAJO
24,2024-02-12,2000,3500,30000,BAJO
25,02/10/2024,,3500,35000,ALTO
26,2024/04/16,3000,,-1000,MEDIO
27,07/04/2024,3000,4500,90000,BAJO
28,14-07-2024,1500,4000,32000,
29,2024/07/29,1500,4500,-1000,UNKNOWN
30,27/12/2024,2000,3000,,BAJO
31,2024/03/06,-500,4500,,MEDIO
32,26/02/2024,1500,3500,32000,BAJO
33,2024/04/17,-500,,30000,BAJO
34,2024-07-04,-500,4500,-1000,
35,08-08-2024,3000,,-1000,MEDIO
36,22/09/2024,,2500,-1000,ALTO
37,2024-02-11,1700,3500,,
38,2024-04-14,-500,,50000,MEDIO
39,2024-12-30,1800,2500,90000,BAJO
40,2024/02/03,2000,3500,32000,BAJO
41,2024/06/07,3000,4000,32000,BAJO
42,2024-10-20,,,50000,MEDIO
43,06-05-2024,2000,4000,80000,
44,11/10/2024,1800,3500,35000,MEDIO
45,07-02-2024,1500,3500,-1000,BAJO
46,2024/05/12,3000,3000,50000,
47,2024/10/12,1700,2500,32000,ALTO
48,2024-12-29,1800,3000,-1000,
49,2024-05-29,3000,,80000,
50,2024-04-09,2500,4000,30000,MEDIO
51,04-02-2024,1500,2000,80000,ALTO
52,06/10/2024,3000,3500,35000,MEDIO
53,2024/01/05,1800,3500,-1000,MEDIO
54,2024/12/04,3000,3500,-1000,
55,2024/05/15,2500,2500,50000,UNKNOWN
56,2024-09-27,,4500,90000,MEDIO
57,2024-03-14,2500,,80000,ALTO
58,2024-12-28,3000,,35000,BAJO
59,06/01/2024,,2000,30000,BAJO
60,2024-06-05,1700,3500,50000,MEDIO
61,2024-11-11,1700,3000,50000,MEDIO
62,2024/06/17,1500,3000,35000,MEDIO
63,2024-06-20,-500,,-1000,ALTO
64,24/08/2024,2000,4000,,
65,2024-04-25,2500,,30000,BAJO
66,31/05/2024,,2500,-1000,
67,03-02-2024,2000,,35000,
68,2024/04/26,1500,,30000,UNKNOWN
69,23/11/2024,,,30000,
70,18/03/2024,,,32000,MEDIO
71,28/04/2024,2000,4500,50000,MEDIO
72,11/03/2024,3000,3500,80000,ALTO
73,25/01/2024,,3000,-1000,
74,21-05-2024,1500,,-1000,ALTO
75,05-01-2024,1500,,30000,ALTO
76,12/06/2024,1500,4000,32000,MEDIO
77,03/07/2024,2000,3500,80000,
78,2024-06-13,,4500,80000,ALTO
79,2024/03/24,2500,4500,35000,ALTO
80,29/06/2024,1700,2000,35000,ALTO
81,2024/11/28,2000,3500,35000,MEDIO
82,24/09/2024,,3000,-1000,ALTO
83,2024/06/11,2500,2500,30000,BAJO
84,09-05-2024,3000,4000,32000,BAJO
85,2024-07-21,1800,4000,80000,MEDIO
86,12/07/2024,1700,2500,50000,ALTO
87,2024/06/08,-500,3500,35000,UNKNOWN
88,2024/11/04,1700,,32000,MEDIO
89,2024-05-09,2500,3000,30000,ALTO
90,26/04/2024,1500,,32000,BAJO
91,2024/04/03,1800,2500,90000,MEDIO
92,2024/06/11,-500,4000,-1000,BAJO
93,17-11-2024,,3000,30000,ALTO
94,17-10-2024,1500,,50000,
95,2024-11-08,1500,2000,50000,ALTO
96,2024-09-13,1500,,35000,UNKNOWN
97,2024/07/06,2500,4500,80000,ALTO
98,2024/05/24,3000,2000,30000,
99,2024/05/20,1700,4000,90000,MEDIO
100,11/08/2024,,3000,90000,BAJO
101,19-07-2024,1500,4000,-1000,ALTO
102,2024-06-22,1800,4000,90000,ALTO
103,12/07/2024,1500,4000,90000,ALTO
104,2024-04-30,2500,2500,50000,MEDIO
105,2024-11-11,2500,3000,30000,ALTO
106,2024-06-18,1800,,-1000,
107,14-09-2024,2500,4500,-1000,MEDIO
108,18-11-2024,1700,4000,-1000,UNKNOWN
109,01/06/2024,,4000,-1000,BAJO
110,09-01-2024,2500,,90000,
111,2024-11-23,1800,4500,,MEDIO
112,12-05-2024,1800,3000,90000,ALTO
113,2024-11-05,1800,3000,-1000,BAJO
114,2024/11/22,,2500,80000,ALTO
115,2024/04/19,2000,2500,30000,MEDIO
116,2024-12-18,3000,2500,-1000,ALTO
117,2024-12-03,,4000,,
118,15/02/2024,1700,,80000,MEDIO
119,2024-04-08,1700,3000,80000,ALTO
120,2024-03-07,2000,3000,80000,BAJO
121,2024/04/05,3000,4500,-1000,BAJO
122,16-03-2024,1700,2000,32000,
123,02/08/2024,1500,,90000,MEDIO
124,2024-10-10,1500,,80000,
125,2024-08-12,3000,2500,35000,MEDIO
126,15/05/2024,1500,3000,80000,UNKNOWN
127,2024/07/26,,,-1000,MEDIO
128,31/01/2024,3000,,90000,MEDIO
129,2024/06/16,1700,3000,32000,MEDIO
130,2024-08-26,1800,,-1000,MEDIO
131,2024/04/14,1700,2500,90000,ALTO
132,17/05/2024,2000,,35000,BAJO
133,2024/11/23,3000,3000,-1000,BAJO
134,23/05/2024,1800,,80000,ALTO
135,2024-11-10,,2500,80000,ALTO
136,2024-01-13,2500,3000,35000,ALTO
137,04/01/2024,,,30000,ALTO
138,02-11-2024,2000,4500,90000,
139,2024-08-16,2500,2500,,
140,27-09-2024,,2000,80000,BAJO
141,12/04/2024,3000,3000,30000,MEDIO
142,23-07-2024,2000,2500,30000,
143,07-09-2024,1700,,30000,ALTO
144,2024/02/12,,2500,30000,
145,2024-03-02,2500,,80000,MEDIO
146,04-12-2024,,2000,-1000,MEDIO
147,2024/06/08,-500,2500,80000,UNKNOWN
148,2024-09-14,1500,,30000,BAJO
149,02/01/2024,2500,3500,30000,UNKNOWN
150,2024-01-25,1700,2500,30000,
151,2024/05/10,1800,2000,32000,BAJO
152,2024-10-20,-500,2000,30000,UNKNOWN
153,2024/01/10,-500,,90000,MEDIO
154,2024-03-24,3000,2000,30000,MEDIO
155,15-06-2024,2500,3000,-1000,ALTO
156,19/02/2024,1800,4000,35000,BAJO
157,10-03-2024,,,32000,ALTO
158,08-10-2024,,3500,80000,MEDIO
159,2024-07-15,1700,2500,50000,
160,06-06-2024,-500,3000,50000,MEDIO
161,11/11/2024,1500,4500,,ALTO
162,31/07/2024,2500,3500,-1000,BAJO
163,01/12/2024,1800,2500,32000,ALTO
164,2024/08/16,2000,2500,35000,ALTO
165,07-12-2024,-500,,80000,ALTO
166,18-08-2024,1500,3500,,MEDIO
167,17/06/2024,2000,3000,90000,ALTO
168,2024-10-27,1700,2500,30000,
169,2024-06-28,1800,4000,30000,
170,26/08/2024,-500,3500,35000,BAJO
171,2024-01-11,3000,4000,30000,MEDIO
172,2024-07-01,-500,2500,35000,ALTO
173,03-05-2024,2500,4500,90000,BAJO
174,2024/02/26,,3000,-1000,ALTO
175,2024-09-21,-500,2500,32000,MEDIO
176,2024/07/28,3000,,80000,MEDIO
177,2024-12-03,2500,,50000,MEDIO
178,2024-07-08,,2500,32000,MEDIO
179,20/08/2024,1700,2500,80000,BAJO
180,2024-07-30,2000,4000,35000,MEDIO
181,2024/05/20,2000,4500,35000,ALTO
182,2024-06-01,1800,2000,50000,MEDIO
183,17/02/2024,-500,4500,50000,
184,05-10-2024,2500,4500,90000,BAJO
185,2024-07-08,3000,4500,30000,
186,2024/05/19,1800,3500,30000,
187,2024-11-26,3000,2500,80000,
188,2024/07/04,2000,2500,0,
189,29/12/2024,1800,3000,,
190,2024-04-19,1500,,32000,ALTO
191,07/10/2024,1800,4000,35000,BAJO
192,2024-09-29,2500,2000,-1000,UNKNOWN
193,28-06-2024,-500,2500,35000,ALTO
194,2024/06/13,2500,2000,-1000,
195,19/01/2024,-500,3500,30000,BAJO
196,2024-07-06,1500,2500,32000,ALTO
197,12/07/2024,1700,4000,-1000,ALTO
198,04/02/2024,3000,2500,32000,BAJO
199,02-02-2024,-500,2500,50000,MEDIO
200,2024/09/05,2000,3000,0,
201,2024/09/08,3000,2500,90000,BAJO
202,2024-03-28,1500,2500,90000,ALTO
203,31-10-2024,-500,4000,80000,MEDIO
204,2024/09/29,2500,2500,50000,BAJO
205,22/09/2024,1700,3500,30000,BAJO
206,28-04-2024,3000,3500,30000,
207,24/01/2024,2000,4000,90000,
208,08-07-2024,2500,4500,32000,ALTO
209,2024-06-10,3000,4000,80000,BAJO
210,2024-12-01,1700,4000,30000,ALTO
211,01/04/2024,2000,3000,50000,BAJO
212,26/11/2024,1700,3500,80000,BAJO
213,28-06-2024,-500,,,BAJO
214,26/12/2024,,3500,50000,
215,15-01-2024,,,32000,BAJO
216,03/11/2024,3000,4000,35000,MEDIO
217,2024/07/28,1500,2000,90000,ALTO
218,01-02-2024,,3500,32000,ALTO
219,04-05-2024,3000,2000,35000,BAJO
220,2024-09-16,,2500,80000,MEDIO
221,2024-01-11,1700,3000,50000,MEDIO
222,2024/05/06,3000,2500,0,MEDIO
223,2024-02-16,1700,4500,90000,ALTO
224,22-07-2024,-500,,80000,MEDIO
225,15-01-2024,,,80000,
226,14/11/2024,,3000,50000,MEDIO
227,2024/05/28,3000,4500,30000,ALTO
228,2024-04-02,1700,4500,30000,
229,15/09/2024,3000,,32000,MEDIO
230,29-11-2024,2000,4500,50000,BAJO
231,18/12/2024,2500,3000,32000,
232,2024/07/07,2000,3500,35000,MEDIO
233,05-11-2024,1700,2000,32000,MEDIO
234,2024-05-15,2500,4500,50000,
235,03/02/2024,1500,2500,35000,BAJO
236,2024/09/03,1700,2000,30000,ALTO
237,28/05/2024,,,-1000,
238,2024-09-23,,,,ALTO
239,26/10/2024,2500,,50000,MEDIO
240,2024-03-27,1500,4000,30000,
241,2024-02-24,-500,2500,,
242,10-10-2024,1800,2000,32000,ALTO
243,17-08-2024,-500,,50000,MEDIO
244,18-08-2024,2000,3500,,BAJO
245,09/08/2024,2000,3500,32000,UNKNOWN
246,10/04/2024,2500,,30000,ALTO
247,2024-02-10,1800,3000,,ALTO
248,2024-01-11,2000,,50000,MEDIO
249,21/08/2024,1800,2500,50000,BAJO
250,2024/05/29,1700,2000,32000,ALTO
251,2024/07/26,2000,2500,32000,MEDIO
252,2024/04/13,3000,4500,0,ALTO
253,2024-06-27,2000,4000,-1000,MEDIO
254,2024-07-12,2500,2000,80000,MEDIO
255,2024-07-29,1700,,35000,ALTO
256,2024/09/14,-500,2000,-1000,
257,08-07-2024,3000,3000,30000,ALTO
258,29-10-2024,-500,2000,90000,
259,2024-10-15,-500,,90000,BAJO
260,14-07-2024,,2000,-1000,ALTO
261,01-11-2024,1500,3000,-1000,
262,25/08/2024,1500,,50000,
263,29/05/2024,1800,,-1000,BAJO
264,27-01-2024,1800,,,
265,2024-01-18,-500,3500,32000,
266,2024/07/23,3000,2500,-1000,ALTO
267,2024-07-11,3000,2500,50000,BAJO
268,2024-05-16,2500,2500,,BAJO
269,2024-01-07,-500,2000,50000,ALTO
270,2024-09-30,1500,,90000,BAJO
271,11-04-2024,1500,3000,35000,
272,19-11-2024,1800,,50000,MEDIO
273,22/05/2024,1500,3500,50000,BAJO
274,2024-12-21,2500,4000,30000,MEDIO
275,10/06/2024,1700,3500,30000,
276,2024-09-08,,,90000,BAJO
277,2024/05/07,-500,,30000,BAJO
278,02/10/2024,1500,4500,0,
279,2024-03-01,1700,3000,-1000,
280,13-03-2024,3000,4000,90000,BAJO
281,30/08/2024,2000,4500,90000,MEDIO
282,2024-08-26,2500,3000,30000,ALTO
283,2024/07/29,-500,2000,35000,MEDIO
284,2024/08/04,1800,4500,-1000,BAJO
285,2024/10/09,,2000,90000,
286,28/04/2024,1800,,90000,
287,2024/02/04,1800,2000,90000,UNKNOWN
288,05/05/2024,1500,4000,-1000,MEDIO
289,2024-05-30,-500,3000,-1000,BAJO
290,2024/11/28,,4500,35000,BAJO
291,2024/04/30,,4500,-1000,ALTO
292,2024-03-14,1700,2000,30000,ALTO
293,2024-12-24,2000,,90000,ALTO
294,07-05-2024,,3000,80000,UNKNOWN
295,2024-07-02,3000,2500,50000,
296,10/01/2024,-500,,80000,MEDIO
297,2024/12/17,2500,,-1000,
298,2024/11/30,1500,2500,30000,
299,2024-11-28,3000,4500,50000,MEDIO
300,17/06/2024,,4500,90000,MEDIO
301,2024-07-08,,,30000,ALTO
302,2024-07-16,2500,4000,32000,
303,2024-07-03,3000,3000,35000,
304,19/12/2024,1800,3000,30000,
305,09-09-2024,2000,2500,50000,MEDIO
306,18/03/2024,3000,4000,50000,BAJO
307,2024-11-27,-500,2500,,
308,30/07/2024,2500,4500,30000,MEDIO
309,14-07-2024,3000,2500,32000,ALTO
310,2024/10/15,2000,4500,-1000,
311,2024-04-25,2500,,-1000,
312,2024/09/12,1500,2500,-1000,ALTO
313,2024-01-24,1700,2500,32000,BAJO
314,2024-01-16,2000,2000,35000,MEDIO
315,2024/01/13,,2500,-1000,MEDIO
316,01/06/2024,-500,4000,50000,ALTO
317,2024-12-06,3000,2500,35000,MEDIO
318,16-01-2024,1800,,35000,MEDIO
319,22/03/2024,,2000,35000,ALTO
320,20-01-2024,1700,,80000,ALTO
321,2024/10/31,2500,4500,90000,MEDIO
322,11/06/2024,1800,3000,32000,BAJO
323,2024-06-26,1500,4500,80000,ALTO
324,2024-01-27,-500,,35000,MEDIO
325,2024/01/16,,3500,32000,MEDIO
326,14-11-2024,2500,4000,32000,ALTO
327,11/08/2024,1800,3500,80000,
328,29/02/2024,2000,4000,80000,
329,16-07-2024,2000,3000,50000,ALTO
330,2024/10/29,2500,2500,-1000,BAJO
331,24-01-2024,2000,2000,32000,MEDIO
332,29-04-2024,3000,2500,90000,
333,31/03/2024,2000,,50000,BAJO
334,2024/11/08,1700,2000,30000,
335,01-11-2024,3000,2500,30000,MEDIO
336,25/05/2024,2000,,-1000,MEDIO
337,08/10/2024,,3000,-1000,BAJO
338,2024-07-15,3000,,30000,
339,04/04/2024,,4000,50000,ALTO
340,04-08-2024,,3500,,MEDIO
341,2024/10/31,3000,,90000,ALTO
342,2024-10-04,1800,2000,50000,BAJO
343,2024-11-03,3000,2000,,ALTO
344,2024/01/08,1800,2500,32000,
345,2024-10-22,-500,3500,80000,BAJO
346,2024/11/28,-500,3000,35000,ALTO
347,2024-06-26,1800,,-1000,BAJO
348,2024/01/08,1500,3000,30000,MEDIO
349,29-03-2024,1500,4500,50000,MEDIO
350,11/02/2024,-500,2000,35000,ALTO
351,2024/04/23,1700,3000,-1000,MEDIO
352,01/06/2024,3000,,80000,MEDIO
353,01/12/2024,1700,,90000,ALTO
354,2024-08-14,-500,3500,35000,BAJO
355,06/01/2024,-500,4000,50000,ALTO
356,25-12-2024,,2000,35000,BAJO
357,28-12-2024,,2500,50000,MEDIO
358,2024/12/01,1800,2500,32000,
359,07-09-2024,1700,,90000,BAJO
360,2024/08/06,3000,2500,90000,ALTO
361,08-09-2024,3000,3000,32000,
362,2024/07/03,1700,4000,90000,
363,2024/05/12,1700,2000,30000,MEDIO
364,2024-06-04,-500,4000,30000,BAJO
365,18-12-2024,1800,3000,80000,BAJO
366,19/12/2024,,3500,32000,ALTO
367,2024/05/09,1500,,50000,
368,2024-03-08,1700,3500,80000,BAJO
369,11-06-2024,1700,4500,32000,ALTO
370,2024-01-15,3000,4500,50000,UNKNOWN
371,2024-01-05,1700,,35000,
372,2024/01/01,3000,3500,30000,MEDIO
373,2024/07/27,,4500,50000,BAJO
374,2024/06/18,-500,4000,90000,MEDIO
375,2024-08-30,3000,,90000,ALTO
376,04/07/2024,-500,3000,,
377,2024/04/18,2500,,80000,BAJO
378,31/03/2024,3000,3000,80000,ALTO
379,2024-07-12,3000,4000,30000,MEDIO
380,02-09-2024,,3000,30000,BAJO
381,2024-04-13,1800,2000,50000,MEDIO
382,2024/10/02,1700,,50000,MEDIO
383,2024/10/23,-500,,35000,ALTO
384,17/09/2024,3000,3500,30000,UNKNOWN
385,2024/07/07,1700,2500,80000,ALTO
386,2024/01/27,1800,2500,32000,
387,06/02/2024,3000,3500,80000,ALTO
388,19/09/2024,,2500,50000,BAJO
389,22/11/2024,1800,2500,30000,BAJO
390,14-02-2024,-500,,-1000,MEDIO
391,22/10/2024,2500,2000,90000,ALTO
392,05-07-2024,2500,,32000,MEDIO
393,2024-02-13,2500,,35000,
394,01/01/2024,1800,2000,35000,
395,2024-12-26,2500,3000,-1000,
396,27/05/2024,,4000,80000,
397,30/03/2024,2500,4000,80000,UNKNOWN
398,2024/11/07,1500,2000,50000,BAJO
399,15/10/2024,2500,4000,35000,MEDIO
400,18-04-2024,2500,,90000,MEDIO
401,2024-08-22,1500,4500,35000,BAJO
402,2024-12-27,,3000,80000,
403,2024-06-25,1700,4500,30000,MEDIO
404,21/07/2024,1500,2500,50000,MEDIO
405,2024-10-09,1500,,32000,BAJO
406,27/03/2024,2000,2500,35000,BAJO
407,14-10-2024,2000,4000,80000,MEDIO
408,2024-10-12,1700,3000,-1000,BAJO
409,14-09-2024,2500,,-1000,MEDIO
410,20-04-2024,1500,4500,50000,
411,2024-10-31,,4500,30000,ALTO
412,15/11/2024,2500,4500,32000,MEDIO
413,2024/01/22,2000,2500,-1000,UNKNOWN
414,2024-12-21,3000,,90000,BAJO
415,02-08-2024,2000,2500,30000,ALTO
416,2024-11-14,2500,2500,50000,MEDIO
417,17/06/2024,,4000,-1000,MEDIO
418,2024/04/29,2500,4500,-1000,ALTO
419,2024/10/02,,3500,90000,MEDIO
420,2024-11-11,1500,,50000,
421,02/09/2024,1500,3000,0,BAJO
422,2024-11-05,,3000,35000,
423,20-06-2024,1500,2000,80000,BAJO
424,2024-01-05,3000,3500,0,BAJO
425,14-03-2024,3000,,-1000,BAJO
426,20/02/2024,2000,4500,35000,BAJO
427,13-12-2024,1700,,50000,
428,2024/03/20,1500,4000,50000,
429,2024-02-22,,,80000,
430,23-05-2024,-500,2000,,
431,18/04/2024,3000,4500,80000,BAJO
432,14-04-2024,3000,3000,,BAJO
433,16-10-2024,2500,3000,35000,ALTO
434,16/03/2024,1500,4500,0,BAJO
435,19/08/2024,-500,,35000,BAJO
436,2024-07-04,1700,4000,-1000,
437,21/10/2024,2000,,50000,ALTO
438,2024-02-01,1800,4500,-1000,MEDIO
439,20/02/2024,2000,,80000,BAJO
440,03-03-2024,1700,2000,30000,ALTO
441,22/03/2024,1500,,30000,ALTO
442,03-04-2024,1700,4000,90000,ALTO
443,2024-10-26,1500,4500,35000,ALTO
444,2024-07-31,1500,2000,90000,
445,2024/10/18,,2000,50000,BAJO
446,28/04/2024,1500,3500,30000,MEDIO
447,23/11/2024,1800,4500,50000,BAJO
448,02-04-2024,1500,2500,90000,BAJO
449,14-12-2024,,4500,-1000,ALTO
450,2024/04/28,-500,2500,-1000,BAJO
451,17-09-2024,-500,3000,0,
452,10/08/2024,-500,4000,90000,ALTO
453,13/07/2024,,2000,-1000,MEDIO
454,08-03-2024,2000,3500,0,
455,05-07-2024,,3000,50000,MEDIO
456,22-09-2024,1800,4000,,MEDIO
457,21-05-2024,1800,3500,,BAJO
458,2024-02-06,3000,3500,,MEDIO
459,2024-08-04,2000,4500,30000,MEDIO
460,2024-08-21,1500,4000,50000,ALTO
461,06-03-2024,2000,3500,90000,MEDIO
462,2024/11/10,3000,,90000,
463,13-01-2024,3000,4500,-1000,
464,26-06-2024,2000,3500,30000,ALTO
465,2024/01/26,1500,3000,90000,
466,2024-08-22,2500,2000,90000,ALTO
467,2024-06-03,,3500,30000,
468,10-08-2024,1500,2000,35000,
469,04-10-2024,-500,3500,80000,MEDIO
470,20/03/2024,3000,,30000,ALTO
471,21/06/2024,,4500,50000,ALTO
472,2024-06-15,1800,2500,90000,BAJO
473,2024/11/07,1700,4000,-1000,UNKNOWN
474,14-09-2024,2000,4500,32000,
475,19/11/2024,2500,2500,,BAJO
476,2024/10/01,1500,3000,-1000,UNKNOWN
477,17-01-2024,-500,,80000,BAJO
478,22-07-2024,1500,4500,35000,MEDIO
479,2024-04-04,-500,4000,30000,
480,2024-02-02,3000,2500,90000,MEDIO
481,23/02/2024,2500,3000,80000,
482,2024/10/17,-500,3500,50000,BAJO
483,05/09/2024,2500,,80000,BAJO
484,04/12/2024,1800,2500,32000,
485,08-09-2024,1800,2500,50000,BAJO
486,07/11/2024,2000,3000,80000,BAJO
487,07/05/2024,2500,2500,-1000,
488,2024/10/24,1700,3500,32000,BAJO
489,26/07/2024,2500,4000,90000,
490,05/07/2024,,2000,0,ALTO
491,2024-10-30,1700,4500,50000,ALTO
492,2024/03/18,1700,3000,,BAJO
493,29-03-2024,-500,,80000,MEDIO
494,2024-06-04,,3000,32000,UNKNOWN
495,2024-07-31,,2500,30000,ALTO
496,03-01-2024,2000,4500,80000,
497,2024-09-08,1500,2500,30000,MEDIO
498,29/11/2024,,4500,80000,
499,2024-05-29,,4500,50000,
500,2024-09-05,2000,3500,30000,
501,17/05/2024,,2000,30000,
502,14-07-2024,1800,3000,30000,
503,2024-08-20,,3000,50000,
504,02-11-2024,-500,3500,-1000,MEDIO
505,02-09-2024,1700,,0,BAJO
506,2024/03/06,,,-1000,BAJO
507,2024/01/06,-500,2500,30000,BAJO
508,16/11/2024,1800,2000,30000,ALTO
509,2024-10-07,3000,,50000,BAJO
510,2024/12/30,1700,2500,90000,MEDIO
511,14-09-2024,2500,3000,80000,
512,10-11-2024,-500,2500,35000,ALTO
513,2024-09-11,-500,2500,30000,ALTO
514,2024-04-18,1700,2500,50000,BAJO
515,2024-02-21,1500,2500,50000,MEDIO
516,2024/08/02,1700,2500,50000,MEDIO
517,2024-06-05,,2500,-1000,BAJO
518,22-05-2024,2500,2000,,BAJO
519,2024/07/07,2500,2500,,BAJO
520,2024/05/10,2000,,30000,BAJO
521,16-09-2024,3000,2500,30000,ALTO
522,2024/02/18,1500,,30000,BAJO
523,2024-02-06,2000,3500,30000,UNKNOWN
524,27/02/2024,1500,3500,30000,BAJO
525,14/08/2024,2500,,,MEDIO
526,27-01-2024,,4000,,BAJO
527,22-02-2024,1500,,50000,BAJO
528,2024-04-07,1800,4500,-1000,BAJO
529,2024/02/10,1700,2500,30000,MEDIO
530,2024/12/14,1800,4500,50000,ALTO
531,2024-03-13,2000,,80000,
532,06/12/2024,-500,3000,32000,ALTO
533,22-09-2024,2000,3500,-1000,ALTO
534,2024-05-27,3000,,-1000,BAJO
535,22/05/2024,1500,4500,-1000,ALTO
536,21-10-2024,,4000,30000,
537,2024-02-06,,3000,30000,BAJO
538,18-02-2024,,3000,30000,MEDIO
539,09-03-2024,,2500,30000,
540,05-05-2024,1700,3000,80000,UNKNOWN
541,22-01-2024,3000,2500,35000,MEDIO
542,28/08/2024,2000,2000,-1000,BAJO
543,2024-05-07,3000,,,
544,27-05-2024,-500,3500,-1000,MEDIO
545,10/09/2024,3000,3500,80000,ALTO
546,25-02-2024,1800,,50000,ALTO
547,11/04/2024,3000,2500,80000,ALTO
548,2024/01/15,1700,2000,90000,MEDIO
549,28-10-2024,2500,3000,30000,
550,07/09/2024,2500,,50000,ALTO
551,2024/06/23,1500,3000,-1000,ALTO
552,10-08-2024,,,50000,
553,16-12-2024,1700,,50000,MEDIO
554,2024-03-13,3000,2500,50000,
555,2024-10-09,2500,2000,35000,BAJO
556,14-09-2024,1500,,,BAJO
557,2024-07-20,1800,,35000,BAJO
558,19/09/2024,2000,4500,32000,ALTO
559,2024-04-24,1700,,32000,
560,30/05/2024,-500,,35000,MEDIO
561,21-06-2024,3000,2500,80000,ALTO
562,2024/08/27,1500,2000,50000,BAJO
563,2024/05/06,2000,,30000,BAJO
564,12-04-2024,1800,2500,90000,UNKNOWN
565,2024-12-16,,3000,90000,BAJO
566,2024/01/22,-500,,80000,
567,2024/05/19,-500,3000,80000,ALTO
568,2024/09/08,3000,2000,90000,ALTO
569,16/12/2024,1700,3000,80000,BAJO
570,05-06-2024,,,30000,BAJO
571,2024/02/20,-500,,80000,ALTO
572,2024/01/20,-500,,35000,
573,04-11-2024,1700,2000,35000,UNKNOWN
574,2024/09/05,,3500,30000,UNKNOWN
575,29-12-2024,1700,3500,-1000,ALTO
576,20/04/2024,,,32000,BAJO
577,2024-04-04,2000,2000,32000,
578,2024/03/15,1500,4500,-1000,
579,2024-01-04,-500,2000,35000,ALTO
580,2024-04-05,1700,2500,-1000,
581,2024/06/21,2500,2000,30000,BAJO
582,04/02/2024,1700,2000,32000,ALTO
583,2024/03/06,,,32000,MEDIO
584,25-09-2024,-500,2500,50000,MEDIO
585,29-08-2024,1700,,90000,MEDIO
586,2024/08/07,,4500,30000,MEDIO
587,13/08/2024,1700,2500,30000,ALTO
588,2024/08/27,,3000,80000,
589,19/01/2024,-500,4000,32000,MEDIO
590,03-06-2024,3000,3500,-1000,ALTO
591,29/07/2024,2000,,35000,MEDIO
592,19/01/2024,1700,3000,50000,ALTO
593,2024/10/24,3000,2000,50000,MEDIO
594,10/04/2024,3000,4500,,MEDIO
595,20-02-2024,1700,3500,80000,MEDIO
596,2024-02-25,,4500,50000,
597,05/03/2024,3000,2000,-1000,MEDIO
598,02/07/2024,,4500,80000,
599,11-05-2024,1800,4500,-1000,BAJO
600,2024/03/10,1800,3500,32000,ALTO
601,2024/04/05,,2500,35000,UNKNOWN
602,2024/07/24,1500,4500,-1000,ALTO
603,2024-07-05,2000,2500,90000,
604,08/07/2024,3000,3000,50000,
605,12/03/2024,2000,4500,35000,ALTO
606,2024-07-03,-500,2500,32000,ALTO
607,12/08/2024,,3000,35000,BAJO
608,2024-10-04,1500,4000,80000,
609,14/08/2024,3000,,35000,
610,2024/09/09,2500,3500,35000,BAJO
611,2024-03-24,3000,,-1000,
612,2024/06/28,2500,3500,32000,BAJO
613,11/03/2024,1700,4500,0,ALTO
614,2024/07/29,2000,,90000,ALTO
615,2024/12/19,-500,,32000,ALTO
616,2024-10-11,,,80000,BAJO
617,2024-01-02,3000,2000,32000,BAJO
618,13-07-2024,3000,4000,30000,BAJO
619,2024-12-21,2500,,50000,ALTO
620,03/12/2024,2500,,80000,
621,18-06-2024,,2500,90000,
622,2024-04-15,1500,,-1000,MEDIO
623,07/07/2024,1800,2000,30000,BAJO
624,16-10-2024,1500,3500,80000,
625,10/04/2024,1500,4000,90000,ALTO
626,01/03/2024,,4500,35000,MEDIO
627,2024/08/11,2000,3500,-1000,
628,19/03/2024,1800,3000,-1000,ALTO
629,28/04/2024,1800,3000,90000,MEDIO
630,17/04/2024,-500,3000,30000,MEDIO
631,14/09/2024,,3000,90000,ALTO
632,2024/12/23,,3500,32000,ALTO
633,20/11/2024,1500,4500,,BAJO
634,2024-05-14,-500,2000,80000,ALTO
635,18/11/2024,,3500,30000,BAJO
636,2024/09/23,1500,2500,-1000,MEDIO
637,17-10-2024,2500,,35000,ALTO
638,2024/11/06,1700,2500,50000,ALTO
639,2024-12-06,1500,2500,80000,BAJO
640,2024-05-31,2500,3000,90000,ALTO
641,2024-01-25,3000,,-1000,ALTO
642,2024/07/18,,3000,,BAJO
643,20/04/2024,,2500,50000,
644,2024/10/12,1700,2500,90000,
645,16/08/2024,-500,2000,80000,BAJO
646,12/05/2024,,2000,30000,ALTO
647,23-04-2024,-500,3500,30000,UNKNOWN
648,21-03-2024,1500,,32000,ALTO
649,11-09-2024,,2000,90000,MEDIO
650,20/10/2024,2500,4500,90000,ALTO
651,20-03-2024,1500,4000,80000,ALTO
652,2024-08-28,1800,,32000,
653,01/03/2024,1500,2500,30000,
654,13-11-2024,1500,2500,-1000,BAJO
655,2024-10-04,-500,,30000,ALTO
656,31-10-2024,3000,,80000,MEDIO
657,2024/06/02,3000,4000,90000,BAJO
658,2024/09/15,2000,3000,35000,BAJO
659,09/12/2024,1800,,30000,ALTO
660,2024/04/03,2000,,32000,
661,07/07/2024,-500,3500,80000,
662,09/05/2024,3000,3000,-1000,ALTO
663,19-08-2024,3000,4000,32000,BAJO
664,2024/06/02,3000,4500,50000,
665,30-10-2024,3000,3000,-1000,
666,2024/08/29,3000,3500,90000,
667,03-07-2024,,2500,80000,BAJO
668,2024-11-15,1800,4000,-1000,
669,01/05/2024,,,32000,MEDIO
670,01-03-2024,2000,,32000,
671,03-11-2024,2500,4500,30000,MEDIO
672,22-09-2024,1700,2000,,MEDIO
673,2024-04-30,2500,4000,30000,ALTO
674,06-03-2024,2000,2000,35000,
675,2024-06-19,2500,2000,80000,
676,2024-02-09,1800,4500,30000,BAJO
677,28/10/2024,2500,4500,-1000,MEDIO
678,19/02/2024,1500,4500,30000,BAJO
679,09-02-2024,1800,,90000,MEDIO
680,2024/10/21,1800,3500,32000,ALTO
681,26-07-2024,2500,3000,50000,UNKNOWN
682,27-11-2024,1500,2500,30000,BAJO
683,26-11-2024,,4500,32000,BAJO
684,16-08-2024,,4000,32000,MEDIO
685,16/08/2024,2500,4000,30000,MEDIO
686,2024/09/15,-500,4500,-1000,
687,19-02-2024,2000,4500,50000,ALTO
688,2024-09-13,1500,,-1000,MEDIO
689,2024/02/06,,2500,30000,
690,2024/07/07,2000,2500,50000,MEDIO
691,26-04-2024,1500,2000,50000,MEDIO
692,09-12-2024,1500,4500,32000,UNKNOWN
693,27-02-2024,3000,2500,35000,MEDIO
694,2024/12/16,1800,,35000,
695,2024/08/03,1700,3000,90000,
696,06/11/2024,,,30000,ALTO
697,2024/11/14,1700,3500,90000,
698,29/02/2024,,3000,90000,MEDIO
699,14/09/2024,,,50000,ALTO
700,2024-05-24,-500,4000,30000,ALTO
701,2024-11-20,-500,3000,-1000,BAJO
702,2024-10-21,3000,3500,30000,MEDIO
703,2024/03/11,,2500,90000,ALTO
704,2024-08-12,2500,2500,-1000,MEDIO
705,2024-03-04,,4000,30000,
706,2024-02-17,2500,,-1000,ALTO
707,12/10/2024,2000,4000,,MEDIO
708,15-08-2024,2500,2000,50000,
709,27-07-2024,2000,2500,50000,BAJO
710,2024-08-31,2000,,32000,UNKNOWN
711,14/11/2024,2500,2000,50000,
712,2024-01-08,2500,3000,50000,MEDIO
713,01-07-2024,1500,3000,90000,BAJO
714,20/05/2024,1700,2000,32000,MEDIO
715,23/10/2024,,2500,,BAJO
716,2024-10-29,1500,,90000,UNKNOWN
717,2024/05/20,3000,3500,35000,
718,2024/03/08,,,50000,BAJO
719,2024/09/11,1700,3000,35000,ALTO
720,2024-11-29,,,32000,BAJO
721,2024-11-05,1500,2500,80000,ALTO
722,2024-08-25,1700,3000,90000,BAJO
723,2024-11-05,,2000,35000,ALTO
724,2024/02/19,3000,4000,30000,MEDIO
725,2024/12/13,,4500,80000,UNKNOWN
726,26/03/2024,,2500,80000,BAJO
727,08-11-2024,2500,,80000,MEDIO
728,24/06/2024,1500,2000,-1000,
729,29-05-2024,1500,2000,,
730,2024/04/25,2500,4000,30000,BAJO
731,30-05-2024,2500,2500,-1000,ALTO
732,13-08-2024,2000,4000,32000,BAJO
733,05-06-2024,,4000,0,BAJO
734,02/12/2024,2000,3500,32000,MEDIO
735,2024/04/27,1800,,80000,ALTO
736,2024-10-01,1700,4000,50000,ALTO
737,22-05-2024,2000,2000,50000,BAJO
738,21-12-2024,,,0,MEDIO
739,2024/09/30,1700,,32000,MEDIO
740,31-07-2024,2500,3500,-1000,MEDIO
741,2024/05/09,-500,,50000,ALTO
742,19/01/2024,1500,2000,35000,ALTO
743,24-08-2024,2500,,32000,
744,28/09/2024,1800,4500,-1000,BAJO
745,2024/01/25,1500,3500,32000,
746,25/11/2024,2500,4500,35000,BAJO
747,2024-01-14,-500,,80000,MEDIO
748,14-07-2024,1500,4000,30000,BAJO
749,03/10/2024,2500,3500,35000,UNKNOWN
750,2024/03/10,2500,3500,35000,
751,12-10-2024,1800,3500,,MEDIO
752,2024-04-29,1700,,-1000,
753,12-05-2024,,3000,90000,ALTO
754,2024/03/18,1700,2000,90000,
755,07/06/2024,1800,,90000,UNKNOWN
756,2024-05-05,2500,2500,90000,
757,2024-08-17,1700,4000,-1000,
758,29-11-2024,,4000,80000,MEDIO
759,2024/11/15,2000,3500,32000,ALTO
760,02-04-2024,,2500,30000,ALTO
761,01/12/2024,1800,,32000,BAJO
762,2024-04-27,1500,4500,-1000,BAJO
763,2024/12/18,,3000,0,BAJO
764,10/09/2024,1700,2500,80000,
765,20/09/2024,3000,2000,50000,
766,2024-11-03,,4000,90000,MEDIO
767,05/08/2024,2000,2500,32000,ALTO
768,2024/03/13,1800,2000,32000,BAJO
769,2024-09-26,1700,3000,35000,MEDIO
770,13-09-2024,-500,,-1000,BAJO
771,26/02/2024,1800,3000,,ALTO
772,2024/10/13,3000,,0,BAJO
773,2024/06/22,1700,3000,32000,MEDIO
774,2024-11-15,3000,4500,50000,ALTO
775,2024-02-03,2500,3000,90000,MEDIO
776,2024-11-26,2500,4000,90000,UNKNOWN
777,2024/04/10,1800,2500,90000,MEDIO
778,12/01/2024,2500,,32000,MEDIO
779,08/11/2024,1700,3500,90000,MEDIO
780,2024/08/27,1500,3500,80000,MEDIO
781,2024-07-18,2000,3000,35000,MEDIO
782,2024/07/04,1500,4000,32000,ALTO
783,2024/11/24,1700,,35000,BAJO
784,05-02-2024,1500,4000,90000,UNKNOWN
785,2024-12-02,1800,2500,90000,BAJO
786,31/03/2024,2000,3000,90000,BAJO
787,2024-08-16,,4500,35000,BAJO
788,19/07/2024,1800,4000,80000,BAJO
789,10/11/2024,2000,2500,50000,ALTO
790,2024-02-26,1500,4000,30000,UNKNOWN
791,14/02/2024,2500,4500,50000,
792,26-01-2024,1800,,,BAJO
793,2024/11/23,2000,3500,-1000,ALTO
794,04-12-2024,1500,,90000,
795,19-03-2024,1700,4500,50000,MEDIO
796,03/12/2024,3000,2000,80000,MEDIO
797,2024/04/13,3000,3500,32000,BAJO
798,2024/06/26,,3500,-1000,ALTO
799,2024/04/11,2000,,90000,
800,2024-06-22,1500,2500,35000,MEDIO
801,13/03/2024,2000,2500,-1000,BAJO
802,13-07-2024,,3000,,
803,2024-09-04,3000,4000,35000,
804,2024-11-15,1700,2000,35000,MEDIO
805,2024/04/02,2500,3500,80000,ALTO
806,19/10/2024,2500,2500,-1000,UNKNOWN
807,27-04-2024,1500,3500,80000,ALTO
808,2024-10-09,1800,3500,90000,MEDIO
809,21/12/2024,2500,,32000,UNKNOWN
810,02-09-2024,2500,2500,30000,
811,30-03-2024,2000,,90000,ALTO
812,2024-11-03,2500,4000,32000,BAJO
813,2024/11/14,2500,3500,80000,BAJO
814,2024-08-30,-500,2000,50000,UNKNOWN
815,2024/07/08,1800,,35000,MEDIO
816,21/01/2024,,2500,35000,
817,28-07-2024,1500,2500,30000,MEDIO
818,31-05-2024,3000,2000,-1000,UNKNOWN
819,2024/04/21,1500,,80000,
820,2024-02-25,3000,3000,30000,MEDIO
821,2024-02-03,3000,,50000,
822,2024/10/01,1800,,35000,MEDIO
823,2024-02-05,,3000,90000,
824,08-09-2024,1800,3500,80000,MEDIO
825,02/11/2024,1500,4000,80000,UNKNOWN
826,2024/04/28,2500,3500,,
827,23-05-2024,-500,2500,-1000,ALTO
828,27-01-2024,-500,4000,30000,BAJO
829,2024/06/26,2000,3500,30000,MEDIO
830,20/04/2024,1700,4000,80000,MEDIO
831,28-03-2024,3000,4500,80000,MEDIO
832,03/01/2024,1800,3000,,
833,01/03/2024,,2000,0,
834,2024-04-06,-500,3000,90000,BAJO
835,10/06/2024,-500,2500,32000,BAJO
836,2024/03/10,,,50000,
837,2024-06-24,1500,,80000,ALTO
838,2024/10/02,1500,2500,-1000,UNKNOWN
839,08/03/2024,3000,3000,90000,MEDIO
840,2024/09/16,1800,3000,-1000,
841,19-05-2024,,,30000,
842,2024-06-05,2500,3000,30000,ALTO
843,2024/02/12,1500,2000,80000,ALTO
844,22-03-2024,-500,4000,35000,ALTO
845,25/12/2024,,3500,30000,MEDIO
846,26/03/2024,,,90000,
847,2024-06-26,1500,2000,30000,ALTO
848,2024-01-03,-500,4000,90000,BAJO
849,02-12-2024,2500,2000,80000,
850,19-01-2024,2500,3000,,ALTO
851,19-05-2024,-500,2500,32000,BAJO
852,2024/07/28,2000,3000,80000,ALTO
853,2024-03-28,1500,4000,50000,BAJO
854,2024/02/28,2000,,50000,MEDIO
855,2024/02/18,,2000,50000,ALTO
856,05/11/2024,-500,2500,90000,MEDIO
857,11/11/2024,2000,4500,80000,ALTO
858,2024-04-05,2000,2000,80000,ALTO
859,2024-12-05,,4000,50000,ALTO
860,27/09/2024,1700,2500,50000,ALTO
861,21-05-2024,1700,3500,80000,MEDIO
862,04/10/2024,1800,4000,32000,MEDIO
863,08-04-2024,1700,4500,80000,ALTO
864,2024/04/09,1500,,80000,BAJO
865,20/05/2024,1800,2500,90000,MEDIO
866,22-06-2024,-500,2000,-1000,UNKNOWN
867,2024-10-28,3000,2500,35000,
868,2024/03/28,-500,4000,30000,BAJO
869,2024-03-08,2000,4500,35000,BAJO
870,07-02-2024,,,-1000,ALTO
871,15-12-2024,2500,,50000,BAJO
872,2024-10-20,3000,2000,50000,
873,31/05/2024,,,50000,MEDIO
874,11-06-2024,2000,2000,35000,
875,07-04-2024,2000,,-1000,
876,24-07-2024,,,32000,ALTO
877,2024-05-31,3000,,30000,ALTO
878,2024-09-18,-500,,50000,BAJO
879,27-06-2024,-500,4000,30000,BAJO
880,2024/11/06,1800,2500,30000,ALTO
881,2024-05-06,-500,2500,,ALTO
882,03-12-2024,1800,3000,80000,ALTO
883,29/09/2024,-500,3500,35000,
884,2024-12-15,2500,2500,90000,ALTO
885,2024-09-30,2000,4000,30000,
886,16/08/2024,1700,4500,80000,BAJO
887,2024/10/31,1800,4500,90000,BAJO
888,15-08-2024,2000,2000,,MEDIO
889,21/10/2024,-500,2500,0,MEDIO
890,2024-06-27,1500,,35000,
891,30-06-2024,1700,4500,-1000,MEDIO
892,22/03/2024,,2500,-1000,BAJO
893,2024-10-30,3000,3000,35000,
894,22/07/2024,2500,3000,30000,ALTO
895,2024-11-14,2000,,32000,BAJO
896,2024-08-22,2000,4500,80000,
897,25/08/2024,2500,3000,32000,MEDIO
898,13-09-2024,1800,,80000,
899,2024/02/06,1700,2500,,MEDIO
900,07-12-2024,1800,3000,35000,
901,29-07-2024,,4000,50000,MEDIO
902,29-01-2024,-500,2500,32000,BAJO
903,2024/11/27,1500,3000,90000,MEDIO
904,29-03-2024,1800,2500,,ALTO
905,2024/04/04,-500,2500,90000,ALTO
906,2024/02/23,-500,3000,50000,MEDIO
907,2024/06/12,2000,2000,32000,
908,2024-11-06,1700,3000,35000,MEDIO
909,07-05-2024,3000,,80000,MEDIO
910,2024/02/02,2500,3000,50000,ALTO
911,20-11-2024,1700,4500,80000,BAJO
912,02/09/2024,1700,2000,32000,UNKNOWN
913,27/03/2024,3000,4000,50000,ALTO
914,2024/04/03,2500,2000,32000,BAJO
915,15-12-2024,,3000,,
916,08/05/2024,,4500,90000,BAJO
917,12/06/2024,1700,2000,-1000,MEDIO
918,17/09/2024,2000,4500,50000,
919,04/02/2024,1500,4000,,MEDIO
920,09/07/2024,1500,3000,35000,MEDIO
921,2024/04/12,1800,2000,-1000,BAJO
922,2024/01/03,2500,3000,35000,ALTO
923,14/09/2024,2500,3500,-1000,BAJO
924,2024/11/03,,4000,30000,
925,21/03/2024,1700,3000,30000,ALTO
926,2024/06/22,2500,4000,35000,ALTO
927,2024/11/15,1500,4000,,BAJO
928,24-06-2024,1700,2000,80000,BAJO
929,28/03/2024,,2500,,
930,2024-05-28,3000,4000,50000,
931,2024/01/24,3000,4500,35000,MEDIO
932,2024-09-03,-500,4500,30000,MEDIO
933,20/04/2024,-500,2500,50000,MEDIO
934,30/04/2024,1800,4500,30000,BAJO
935,2024-07-08,,4000,90000,MEDIO
936,2024-12-15,2500,3500,0,BAJO
937,13-09-2024,-500,3000,35000,ALTO
938,06-03-2024,2500,,80000,
939,20/04/2024,-500,,80000,BAJO
940,2024/12/22,2500,,30000,ALTO
941,2024/05/13,2500,2000,90000,ALTO
942,28-04-2024,-500,,,MEDIO
943,2024-06-17,2000,2500,32000,
944,2024/09/01,2500,,30000,MEDIO
945,19/08/2024,3000,3500,90000,
946,2024/10/29,1800,4500,,ALTO
947,2024-09-10,-500,3000,90000,BAJO
948,2024-08-01,1800,2500,80000,BAJO
949,2024-05-30,3000,2000,80000,ALTO
950,16/03/2024,,2000,90000,ALTO
951,12-01-2024,,,35000,UNKNOWN
952,2024-06-20,2000,3000,-1000,
953,2024-07-06,1500,3500,-1000,ALTO
954,18/06/2024,3000,2500,32000,MEDIO
955,2024/01/25,-500,3000,30000,BAJO
956,28/12/2024,1800,3500,50000,
957,2024-08-17,1800,2000,30000,
958,2024-05-07,1800,3500,32000,BAJO
959,2024-06-07,1800,4500,32000,MEDIO
960,04/06/2024,1500,,35000,ALTO
961,15/02/2024,,3500,32000,ALTO
962,02-10-2024,,4000,,MEDIO
963,2024-05-12,2000,4500,50000,
964,15/07/2024,2000,4000,80000,MEDIO
965,2024-11-07,1800,4500,30000,
966,17-03-2024,2500,4000,-1000,ALTO
967,12/05/2024,,,32000,
968,10-02-2024,3000,2500,-1000,BAJO
969,23/10/2024,,3000,35000,ALTO
970,22/03/2024,1800,3000,-1000,ALTO
971,2024-11-28,1500,4000,90000,BAJO
972,04/02/2024,2500,,,ALTO
973,2024-12-11,,3000,50000,
974,25/02/2024,-500,3000,-1000,ALTO
975,2024/10/06,2500,,35000,MEDIO
976,2024-03-17,1500,,-1000,BAJO
977,2024/08/12,-500,,35000,MEDIO
978,2024/08/01,2000,4000,50000,
979,22/06/2024,-500,3000,32000,ALTO
980,2024/11/16,-500,3000,80000,MEDIO
981,02-08-2024,2500,3000,90000,ALTO
982,2024/06/23,2000,,90000,BAJO
983,2024/03/19,3000,,90000,MEDIO
984,2024-09-25,,2000,80000,MEDIO
985,22-05-2024,3000,4000,90000,BAJO
986,2024-06-08,2000,2500,30000,BAJO
987,18/12/2024,2500,4500,,ALTO
988,2024/04/08,3000,2000,35000,ALTO
989,16/06/2024,-500,3000,-1000,MEDIO
990,2024-01-06,2500,4500,35000,MEDIO
991,2024-10-25,1500,2000,80000,
992,2024-08-11,,4000,80000,ALTO
993,2024-12-07,,4500,50000,UNKNOWN
994,14/02/2024,2500,3500,80000,ALTO
995,13/03/2024,,4000,30000,ALTO
996,2024/05/17,2000,3500,90000,MEDIO
997,2024-04-30,2500,4500,32000,
998,2024/06/07,1800,4000,80000,
999,26/10/2024,1500,4000,35000,
1000,2024-07-03,2500,4500,50000,MEDIO
